fecha,ipp
1999-06-01,49.29
1999-07-01,50.14
1999-08-01,50.93
1999-09-01,51.67
1999-10-01,52.16
1999-11-01,52.64
1999-12-01,52.97
2000-01-01,53.71
2000-02-01,54.71
2000-03-01,55.45
2000-04-01,56.35
2000-05-01,56.64
2000-06-01,57.0
2000-07-01,57.6
2000-08-01,57.89
2000-09-01,58.36
2000-10-01,58.37
2000-11-01,58.44
2000-12-01,58.82
2001-01-01,59.87
2001-02-01,60.93
2001-03-01,61.51
2001-04-01,62.4
2001-05-01,62.91
2001-06-01,62.76
2001-07-01,62.8
2001-08-01,62.99
2001-09-01,63.04
2001-10-01,62.79
2001-11-01,62.71
2001-12-01,62.89
2002-01-01,63.16
2002-02-01,63.35
2002-03-01,63.7
2002-04-01,63.94
2002-05-01,64.38
2002-06-01,64.61
2002-07-01,65.21
2002-08-01,66.0
2002-09-01,67.3
2002-10-01,68.4
2002-11-01,68.36
2002-12-01,68.73
2003-01-01,69.5
2003-02-01,70.37
2003-03-01,71.01
2003-04-01,71.78
2003-05-01,71.82
2003-06-01,71.68
2003-07-01,71.83
2003-08-01,71.95
2003-09-01,71.92
2003-10-01,72.04
2003-11-01,72.41
2003-12-01,72.66
2004-01-01,73.16
2004-02-01,73.86
2004-03-01,74.26
2004-04-01,74.74
2004-05-01,75.62
2004-06-01,75.89
2004-07-01,75.59
2004-08-01,75.66
2004-09-01,75.89
2004-10-01,76.22
2004-11-01,76.38
2004-12-01,76.03
2005-01-01,76.4
2005-02-01,77.04
2005-03-01,77.92
2005-04-01,77.84
2005-05-01,77.89
2005-06-01,77.97
2005-07-01,77.89
2005-08-01,77.87
2005-09-01,77.56
2005-10-01,77.91
2005-11-01,77.75
2005-12-01,77.61
2006-01-01,78.18
2006-02-01,78.31
2006-03-01,79.05
2006-04-01,80.42
2006-05-01,81.01
2006-06-01,81.69
2006-07-01,82.0
2006-08-01,82.0
2006-09-01,82.19
2006-10-01,82.02
2006-11-01,81.82
2006-12-01,81.91
2007-01-01,82.07
2007-02-01,82.18
2007-03-01,82.41
2007-04-01,82.28
2007-05-01,81.53
2007-06-01,80.87
2007-07-01,80.48
2007-08-01,80.66
2007-09-01,81.44
2007-10-01,81.53
2007-11-01,82.14
2007-12-01,82.95
2008-01-01,83.91
2008-02-01,85.38
2008-03-01,85.18
2008-04-01,85.38
2008-05-01,85.93
2008-06-01,87.31
2008-07-01,88.21
2008-08-01,87.92
2008-09-01,89.41
2008-10-01,91.16
2008-11-01,91.14
2008-12-01,90.41
2009-01-01,89.09
2009-02-01,90.69
2009-03-01,90.97
2009-04-01,90.98
2009-05-01,90.48
2009-06-01,89.7
2009-07-01,89.43
2009-08-01,88.81
2009-09-01,88.07
2009-10-01,87.44
2009-11-01,87.61
2009-12-01,88.43
2010-01-01,89.52
2010-02-01,90.29
2010-03-01,90.81
2010-04-01,91.24
2010-05-01,91.69
2010-06-01,91.61
2010-07-01,91.06
2010-08-01,90.57
2010-09-01,90.07
2010-10-01,89.76
2010-11-01,90.81
2010-12-01,92.3
2011-01-01,93.39
2011-02-01,94.45
2011-03-01,95.33
2011-04-01,95.53
2011-05-01,96.11
2011-06-01,95.94
2011-07-01,95.4
2011-08-01,95.45
2011-09-01,96.1
2011-10-01,97.11
2011-11-01,97.25
2011-12-01,97.39
2012-01-01,96.9
2012-02-01,97.03
2012-03-01,96.82
2012-04-01,97.02
2012-05-01,96.88
2012-06-01,95.27
2012-07-01,95.1
2012-08-01,95.57
2012-09-01,96.2
2012-10-01,96.01
2012-11-01,95.21
2012-12-01,94.51
2013-01-01,94.46
2013-02-01,94.63
2013-03-01,94.98
2013-04-01,94.68
2013-05-01,94.86
2013-06-01,95.08
2013-07-01,95.08
2013-08-01,95.08
2013-09-01,94.93
2013-10-01,94.19
2013-11-01,93.95
2013-12-01,94.05
2014-01-01,94.68
2014-02-01,95.83
2014-03-01,97.47
2014-04-01,97.89
2014-05-01,97.77
2014-06-01,97.44
2014-07-01,97.22
2014-08-01,97.89
2014-09-01,98.4
2014-10-01,98.84
2014-11-01,98.76
2014-12-01,100.0
2015-01-01,100.7
2015-02-01,100.61
2015-03-01,102.45
2015-04-01,102.1
2015-05-01,101.42
2015-06-01,102.32
2015-07-01,103.48
2015-08-01,105.77
2015-09-01,106.96
2015-10-01,106.94
2015-11-01,107.59
2015-12-01,109.57
2016-01-01,110.77
2016-02-01,111.68
2016-03-01,111.22
2016-04-01,110.86
2016-05-01,111.52
2016-06-01,112.18
2016-07-01,112.15
2016-08-01,110.94
2016-09-01,110.58
2016-10-01,110.66
2016-11-01,111.8
2016-12-01,111.34
2017-01-01,111.74
2017-02-01,111.5
2017-03-01,111.83
2017-04-01,111.29
2017-05-01,111.33
2017-06-01,111.24
2017-07-01,111.81
2017-08-01,112.0
2017-09-01,111.88
2017-10-01,112.19
2017-11-01,113.26
2017-12-01,113.41
2018-01-01,113.31
2018-02-01,113.57
2018-03-01,113.68
2018-04-01,113.43
2018-05-01,114.46
2018-06-01,114.67
2018-07-01,114.55
2018-08-01,114.74
2018-09-01,116.1
2018-10-01,116.93
2018-11-01,117.02
2018-12-01,116.91
2019-01-01,117.18
2019-02-01,117.38
2019-03-01,117.82
2019-04-01,118.86
2019-05-01,120.19
2019-06-01,119.76
2019-07-01,120.73
2019-08-01,121.6
2019-09-01,122.23
2019-10-01,122.56
2019-11-01,122.31
2019-12-01,122.36
2020-01-01,122.34
2020-02-01,122.34
2020-03-01,123.27
2020-04-01,122.59
2020-05-01,122.5
2020-06-01,122.59
2020-07-01,122.76
2020-08-01,123.54
2020-09-01,123.7
2020-10-01,124.42
2020-11-01,124.31
2020-12-01,124.38
2021-01-01,126.36
2021-02-01,128.63
2021-03-01,131.18
2021-04-01,132.98
2021-05-01,136.23
2021-06-01,136.95
2021-07-01,138.22
2021-08-01,139.63
2021-09-01,140.81
2021-10-01,142.86
2021-11-01,145.69
2021-12-01,147.55
2022-01-01,153.41
2022-02-01,157.66
2022-03-01,161.18
2022-04-01,163.99
2022-05-01,166.51
2022-06-01,166.99
2022-07-01,170.63
2022-08-01,169.68
2022-09-01,170.9
2022-10-01,174.57
2022-11-01,176.35
2022-12-01,175.85
2023-01-01,179.15
2023-02-01,181.23
2023-03-01,181.2
2023-04-01,179.26
2023-05-01,177.47
2023-06-01,175.01
2023-07-01,173.73
2023-08-01,175.99
2023-09-01,177.29
2023-10-01,177.72
2023-11-01,175.78
2023-12-01,174.46
2024-01-01,175.88
2024-02-01,177.47
2024-03-01,177.63
2024-04-01,178.18
2024-05-01,177.37
2024-06-01,179.0
2024-07-01,179.21
2024-08-01,177.68
2024-09-01,179.18
2024-10-01,180.55
2024-11-01,182.86
2024-12-01,184.51
2025-01-01,185.81
2025-02-01,185.74
2025-03-01,185.59
2025-04-01,185.55
2025-05-01,183.75
2025-06-01,182.7
2025-07-01,183.74
2025-08-01,184.62
2025-09-01,185.51
2025-10-01,184.22
2025-11-01,182.03
2025-12-01,181.01
2026-01-01,183.09
2026-02-01,184.47
2026-03-01,188.84
2026-04-01,189.54
2026-05-01,189.59
