MetricId,MetricName,Entity,MaxDays,Type,Url,Filter,MetricUnits,MetricDescription
DemaReal,Demanda Real por Sistema,Sistema,31,HourlyEntities,https://servapibi.xm.com.co/hourly,No aplica,kWh,Demanda de usuarios regulados y no regulados que hacen parte del Sistema Interconectado Nacional (no incluye Alumbrado Público)
DemaReal,Demanda Real por Agente,Agente,31,HourlyEntities,https://servapibi.xm.com.co/hourly,Codigo Comercializador,kWh,Demanda de usuarios regulados y no regulados que hacen parte del Sistema Interconectado Nacional (no incluye Alumbrado Público)
ExpoMoneda,Exportaciones Moneda por Sistema,Sistema,31,HourlyEntities,https://servapibi.xm.com.co/hourly,No aplica,COP,Transferencias de Energia desde Colombia hacia otros paises
DemaCome,Demanda Comercial por Sistema,Sistema,31,HourlyEntities,https://servapibi.xm.com.co/hourly,No aplica,kWh,Considera la demanda propia de cada comercializador mas la paticipacion en la perdidas del STN y los consumos propios de los generadores.
Gene,Generación por Sistema,Sistema,31,HourlyEntities,https://servapibi.xm.com.co/hourly,No aplica,kWh,Generacion neta de cada una de las plantas Nacionales en sus puntos de frontera.
GeneIdea,Generación Ideal por Sistema,Sistema,31,HourlyEntities,https://servapibi.xm.com.co/hourly,No aplica,kWh,Despacho de generacion que resulta de considerar una red de transporte inexistente
PrecBolsNaci,Precio Bolsa Nacional por Sistema,Sistema,31,HourlyEntities,https://servapibi.xm.com.co/hourly,No aplica,COP/kWh,"Precio de oferta de la última planta flexible para atender la demanda comercial nacional, más delta de incremento para remunerar los costos no cubiertos de las plantas térmicas en el despacho ideal."
RestAliv,Restricciones Aliviadas por Sistema,Sistema,31,HourlyEntities,https://servapibi.xm.com.co/hourly,No aplica,COP,"“Es el valor a cargo de los comercializadores por concepto de restricciones después de aplicar los alivios definidos en la regulación vigente”, la regla de negocio de esta métrica sería la Resolución "
ConsCombustibleMBTU,Consumo Combustible MBTU por Recurso,Recurso,31,HourlyEntities,https://servapibi.xm.com.co/hourly,Codigo Submercado Generación,MBTU,Los generadores térmicos deben reportar diariamente según resolución CREG 084 de 2005 el consumo de combustible en MBTU
ConsCombustibleMBTU,Consumo Combustible MBTU,Combustible,31,HourlyEntities,https://servapibi.xm.com.co/hourly,Codigo Submercado Generación,MBTU,Los generadores térmicos deben reportar diariamente según resolución CREG 084 de 2005 el consumo de combustible en MBTU
Gene,Generación por Recurso,Recurso,31,HourlyEntities,https://servapibi.xm.com.co/hourly,Codigo Submercado Generación,kWh,Generacion neta de cada una de las plantas Nacionales en sus puntos de frontera.
IndRecMargina,Indicador Recurso Margina por Recurso,Recurso,31,HourlyEntities,https://servapibi.xm.com.co/hourly,Codigo Submercado Generación,#,"Si Precio de Oferta Declarado = Máximo Precio de Oferta Nacional (para el recurso que esto se cumpla, es el recurso que margina)"
DemaCome,Demanda Comercial por Agente,Agente,31,HourlyEntities,https://servapibi.xm.com.co/hourly,Codigo Comercializador,kWh,Considera la demanda propia de cada comercializador mas la paticipacion en la perdidas del STN y los consumos propios de los generadores.
PrecOferDesp,Precio de Oferta de Despacho por Recurso,Recurso,31,HourlyEntities,https://servapibi.xm.com.co/hourly,Codigo Submercado Generación,COP/kWh,Es el precio de la energia de un recurso de generación despachados centralmente enviados por los agentes para el Despacho. Incluye el CEE
MaxPrecOferNal,Máximo Precio de Oferta Nacional por Sistema,Sistema,31,HourlyEntities,https://servapibi.xm.com.co/hourly,No aplica,COP/kWh,Máximo precio de oferta nacional
CompBolsNaciEner,Compras Bolsa Nacional Energía por Sistema,Sistema,31,HourlyEntities,https://servapibi.xm.com.co/hourly,No aplica,kWh,Energía comprada en la Bolsa de Energía para atender la demanda nacional
CompBolsNaciEner,Compras Bolsa Nacional Energía por Agente,Agente,31,HourlyEntities,https://servapibi.xm.com.co/hourly,Codigo Agente,kWh,Energía comprada en la Bolsa de Energía para atender la demanda nacional
CompContEner,Compras en Contrato Energía por Sistema,Sistema,31,HourlyEntities,https://servapibi.xm.com.co/hourly,No aplica,kWh,Energía comprada mediante Contratos de largo plazo
CompContEner,Compras en Contrato Energía por Agente,Agente,31,HourlyEntities,https://servapibi.xm.com.co/hourly,Codigo Agente,kWh,Energía comprada mediante Contratos de largo plazo
VentContEner,Ventas en Contrato Energía por Sistema,Sistema,31,HourlyEntities,https://servapibi.xm.com.co/hourly,No aplica,kWh,Energia vendida mediante Contratos de largo plazo
VentContEner,Ventas en Contrato Energía por Agente,Agente,31,HourlyEntities,https://servapibi.xm.com.co/hourly,Codigo Agente,kWh,Energia vendida mediante Contratos de largo plazo
GeneIdea,Generación Ideal por Recurso,Recurso,31,HourlyEntities,https://servapibi.xm.com.co/hourly,Codigo Submercado Generación,kWh,Despacho de generacion que resulta de considerar una red de transporte inexistente
ConsCombAprox,Consumo Combustible Aproximado para el Factor de Emisión por RecursoComb,RecursoComb,31,HourlyEntities,https://servapibi.xm.com.co/hourly,Codigo Submercado Generación,MBTU,La métrica se construye con el objetivo de determinar un valor aproximado para el consumo de combustible para los generadores térmicos que no deben reportar diariamente según resolución CREG 084 de 20
EmisionesCO2,Emisiones de CO2 por RecursoComb,RecursoComb,31,HourlyEntities,https://servapibi.xm.com.co/hourly,Codigo Submercado Generación,TonCO2,Emisiones totales de Dióxido de Carbono – CO2 de las plantas de generación registradas ante el CND. Incluye tanto las obtenidas con base en el reporte de consumo de combustible como las aproximadas po
EmisionesCH4,Emisiones de CH4 por RecursoComb,RecursoComb,31,HourlyEntities,https://servapibi.xm.com.co/hourly,Codigo Submercado Generación,TonCH4,"Emisiones totales de Dióxido de Carbono –CH4 de las plantas de generación registradas ante el CND, incluye tanto las obtenidas con base en el reporte de consumo de combustible como las aproximadas por"
EmisionesN2O,Emisiones de N2O por RecursoComb,RecursoComb,31,HourlyEntities,https://servapibi.xm.com.co/hourly,Codigo Submercado Generación,TonN2O,"Emisiones totales de Dióxido de Carbono – N2O de las plantas de generación registradas ante el CND, incluye tanto las obtenidas con base en el reporte de consumo de combustible como las aproximadas po"
EmisionesCO2Eq,Emisiones de CO2 Eq por Recurso,Recurso,31,HourlyEntities,https://servapibi.xm.com.co/hourly,Codigo Submercado Generación,gCO2e/kWh,Emisiones totales de Dióxido de Carbono. Para convertir las emisiones de CH4 y N2O se tomaron las sigueintes equivalencias 1 tonCH4= 21 tonCO2e y 1 tonN2O= 310 tonCO2e
factorEmisionCO2e,Emisiones de CO2 Eq/kWh por Sistema,Sistema,31,HourlyEntities,https://servapibi.xm.com.co/hourly,No aplica,gCO2e/kWh,Factor de emision de CO2 equivalente. Corresponde al Margen de Operación Simple (OM) el cual se obtiene como el cociente entre la generación real Sistema y las emisiones de CO2. Para convertir las emi
ImpoEner,Importaciones Energía por Sistema,Sistema,31,HourlyEntities,https://servapibi.xm.com.co/hourly,No aplica,kWh,Transferencias de Energia desde otros paises para abastecer la demanda nacional
ImpoEner,Importaciones Energía,Enlace,31,HourlyEntities,https://servapibi.xm.com.co/hourly,No aplica,kWh,Transferencias de Energia desde otros paises para abastecer la demanda nacional
ImpoMoneda,Importaciones Moneda,Enlace,31,HourlyEntities,https://servapibi.xm.com.co/hourly,No aplica,COP,Transferencias de Energia desde otros paises para abastecer la demanda nacional
ExpoEner,Exportaciones Energía,Enlace,31,HourlyEntities,https://servapibi.xm.com.co/hourly,No aplica,kWh,Transferencias de Energia desde Colombia hacia otros paises
ExpoMoneda,Exportaciones Moneda,Enlace,31,HourlyEntities,https://servapibi.xm.com.co/hourly,No aplica,COP,Transferencias de Energia desde Colombia hacia otros paises
DemaOR,Demanda por OR por Agente,Agente,31,HourlyEntities,https://servapibi.xm.com.co/hourly,Codigo Distribuidor,kWh,"Demanda real del OR sin referir al STN, excluyendo la demanda de los usuarios conectados directamente al STN. Es decir que no se consideran las perdidas existentes en el STN."
PerdidasEner,Perdidas de Energía por Sistema,Sistema,31,HourlyEntities,https://servapibi.xm.com.co/hourly,No aplica,kWh,"Cantidad de las inyecciones de energia al Sistema de Transmision Nacional (Generación), menos la cantidad de los flujos que salieron del Sistema (Demanda de energia reportada a traves de lectura de co"
GeneSeguridad,Generación de Seguridad por Recurso,Recurso,31,HourlyEntities,https://servapibi.xm.com.co/hourly,Codigo Submercado Generación,kWh,"Generación que se requiere para garantizar condiciones de seguridad y confiabilidad, en la operación del Sistema Interconectado Nacional (SIN). Esta generación es programada por el CND en el Despacho "
GeneFueraMerito,Generación Fuera de Mérito por Recurso,Recurso,31,HourlyEntities,https://servapibi.xm.com.co/hourly,Codigo Submercado Generación,kWh,"Generación forzada requerida para suplir las Restricciones del SIN, cuyo precio de oferta es superior al precio de bolsa."
ExpoEner,Exportaciones Energía por Sistema,Sistema,31,HourlyEntities,https://servapibi.xm.com.co/hourly,No aplica,kWh,Transferencias de Energia desde Colombia hacia otros paises
GeneProgDesp,Generación Programada por Recurso,Recurso,31,HourlyEntities,https://servapibi.xm.com.co/hourly,Codigo Submercado Generación,kWh,"Despacho de generacion esperado de las centrales, que resulta de considerar la red de transporte real"
GeneProgRedesp,Generación Programada Redespacho por Recurso,Recurso,31,HourlyEntities,https://servapibi.xm.com.co/hourly,Codigo Submercado Generación,kWh,Generación programada del redespacho
DispoReal,Disponibilidad Real por Recurso,Recurso,31,HourlyEntities,https://servapibi.xm.com.co/hourly,Codigo Submercado Generación,kW,"Disponibilidad promedio calculada a partir de la fecha de los eventos que modifican la disponibilidad de las unidades de generacion de los generadores, asi como de la disponibilidad reportada al Centr"
DispoCome,Disponibilidad Comercial por Recurso,Recurso,31,HourlyEntities,https://servapibi.xm.com.co/hourly,Codigo Submercado Generación,kW,"Considera la declaración de disponibilidad de los generadores, modificada cuando se presentan cambios en las unidades de generación en operación real del Sistema"
DispoDeclarada,Disponibilidad Declarada por Recurso,Recurso,31,HourlyEntities,https://servapibi.xm.com.co/hourly,Codigo Submercado Generación,kWh,"Máxima cantidad de potencia neta que un generador puede suministrar al sistema durante el intervalo de tiempo determinado para el despacho económico o el redespacho, reportada diariamente en la oferta"
RecoPosEner,Reconciliación Positiva Energía por Recurso,Recurso,31,HourlyEntities,https://servapibi.xm.com.co/hourly,Codigo Submercado Generación,kWh,Es el valor de la compensacion positiva que se debe aplicar a los generadores para cada uno de sus recursos ofertados debido a las diferencias entre el despacho ideal y la generacion real. Este concep
RecoNegEner,Reconciliación Negativa Energía por Recurso,Recurso,31,HourlyEntities,https://servapibi.xm.com.co/hourly,Codigo Submercado Generación,kWh,Costos asociados con generaciones desplazadas en el despacho real por Generaciones de Seguridad Fuera de Merito o por Redespachos (diferencia entre el despacho ideal y el real).Este concepto aplica de
RespComerAGC,Responsabilidad Comercial AGC por Sistema,Sistema,31,HourlyEntities,https://servapibi.xm.com.co/hourly,No aplica,COP,Responsabilidad Comercial de cada agente generador frente al Servicio de Regulación Secundara de Frecuencia
DesvEner,Desviaciones Energía por Recurso,Recurso,31,HourlyEntities,https://servapibi.xm.com.co/hourly,Codigo Submercado Generación,kWh,Es la cantidad de energía que se desvía una Central cuando incumple el programa de generación
DesvMoneda,Desviaciones Moneda por Recurso,Recurso,31,HourlyEntities,https://servapibi.xm.com.co/hourly,Codigo Submercado Generación,COP,Es la cantidad de energía que se desvía una Central cuando incumple el programa de generación
RecoPosMoneda,Reconciliación Positiva Moneda por Recurso,Recurso,31,HourlyEntities,https://servapibi.xm.com.co/hourly,Codigo Submercado Generación,COP,Es el valor de la compensacion positiva que se debe aplicar a los generadores para cada uno de sus recursos ofertados debido a las diferencias entre el despacho ideal y la generacion real. Este concep
RecoNegMoneda,Reconciliación Negativa Moneda por Recurso,Recurso,31,HourlyEntities,https://servapibi.xm.com.co/hourly,Codigo Submercado Generación,COP,Costos asociados con generaciones desplazadas en el despacho real por Generaciones de Seguridad Fuera de Merito o por Redespachos (diferencia entre el despacho ideal y el real).Este concepto aplica de
ExcedenteAGPE,Compras Excedentes AGPE por Agente,Agente,31,HourlyEntities,https://servapibi.xm.com.co/hourly,Codigo Agente,kWh,Compras Excedentes AGPE: Esta consulta está asociada con la energía que reportan los comercializadores integrados con los Operadores de Red como compras de excedentes a Autogeneradores a Pequeña Escal
DemaComeReg,Demanda Comercial Mercado Regulado por Agente,Agente,31,HourlyEntities,https://servapibi.xm.com.co/hourly,Codigo Comercializador,kWh,Considera la demanda propia de cada comercializador mas la paticipacion en la perdidas del STN y los consumos propios de los generadores.
DemaComeNoReg,Demanda Comercial Mercado No Regulado por Agente,Agente,31,HourlyEntities,https://servapibi.xm.com.co/hourly,Codigo Comercializador,kWh,Considera la demanda propia de cada comercializador mas la paticipacion en la perdidas del STN y los consumos propios de los generadores.
DemaComeReg,Demanda Comercial Mercado Regulado por Sistema,Sistema,31,HourlyEntities,https://servapibi.xm.com.co/hourly,No aplica,kWh,Considera la demanda propia de cada comercializador mas la paticipacion en la perdidas del STN y los consumos propios de los generadores.
DemaComeNoReg,Demanda Comercial Mercado No Regulado por Sistema,Sistema,31,HourlyEntities,https://servapibi.xm.com.co/hourly,No aplica,kWh,Considera la demanda propia de cada comercializador mas la paticipacion en la perdidas del STN y los consumos propios de los generadores.
RestSinAliv,Restricciones sin Alivios por Sistema,Sistema,31,HourlyEntities,https://servapibi.xm.com.co/hourly,No aplica,COP,Es el valor de la generacion de seguridad total del sistema asociada a restricciones por concepto de limitaciones en la capacidad de transporte en las redes del SIN.
DemaComeNoReg,Demanda Comercial por CIIU,CIIU,31,HourlyEntities,https://servapibi.xm.com.co/hourly,No aplica,kWh,Considera la demanda propia de cada comercializador mas la paticipacion en la perdidas del STN y los consumos propios de los generadores.
PrecPromContNoRegu,Precio Promedio Contratos No Regulados por Sistema,Sistema,31,HourlyEntities,https://servapibi.xm.com.co/hourly,No aplica,COP/kWh,[Sumatoria Valor Ventas Contrato cuando el Mercado Destino es No Regulado] / [Sumatoria Ventas Energía Contrato cuando el Mercado Destino es No Regulado]
PrecPromContRegu,Precio Promedio Contratos Regulados por Sistema,Sistema,31,HourlyEntities,https://servapibi.xm.com.co/hourly,No aplica,COP/kWh,[Sumatoria Valor Ventas Contrato cuando el Mercado Destino es Regulado] / [Sumatoria Ventas Energía Contrato cuando el Mercado Destino es Regulado]
CompContEnerReg,Compras en Contrato Energía Mercado Regulado por Agente,Agente,31,HourlyEntities,https://servapibi.xm.com.co/hourly,Codigo Agente,kWh,Energía comprada mediante Contratos de largo plazo
CompContEnerNoReg,Compras en Contrato Energía Mercado No Regulado por Agente,Agente,31,HourlyEntities,https://servapibi.xm.com.co/hourly,Codigo Agente,kWh,Energía comprada mediante Contratos de largo plazo
CompContEnerReg,Compras en Contrato Energía Mercado Regulado por Sistema,Sistema,31,HourlyEntities,https://servapibi.xm.com.co/hourly,No aplica,kWh,Energía comprada mediante Contratos de largo plazo
CompContEnerNoReg,Compras en Contrato Energía  Mercado No Regulado por Sistema,Sistema,31,HourlyEntities,https://servapibi.xm.com.co/hourly,No aplica,kWh,Energía comprada mediante Contratos de largo plazo
RentasCongestRestr,Rentas de Congestion para Cubrir Restricciones por Sistema,Sistema,31,HourlyEntities,https://servapibi.xm.com.co/hourly,No aplica,COP,"La Resolución CREG 060 de 2004 modifica la Resolución CREG 004 de 2003, estableciendo la asignación de las Rentas de Congestión a la demanda total, la cual es definida como la sumatoria de la demanda "
EjecGarantRestr,Ejecución de Garantías por Sistema,Sistema,31,HourlyEntities,https://servapibi.xm.com.co/hourly,No aplica,COP,"Ejecución de Garantías (Res. CREG 071 de 2006):“Valor (horario, diario y mensual) a favor de los comercializadores por ejecución de garantías del Cargo por Confiabilidad”; la regla de negocio es la Re"
SnTIEMerito,Saldo Neto TIE Merito por Sistema,Sistema,31,HourlyEntities,https://servapibi.xm.com.co/hourly,No aplica,COP,Corresponde a los valores netos deficitarios o superavitarios resultantes del ajuste final de Transacciones Internacionales de Electricidad de acuerdo con lo definido en la Resolución 004 de 2003.
SnTIEFueraMerito,Saldo Neto TIE Fuera Merito por Sistema,Sistema,31,HourlyEntities,https://servapibi.xm.com.co/hourly,No aplica,COP,Corresponde a los valores netos deficitarios o superavitarios resultantes del ajuste final de Transacciones Internacionales de Electricidad de acuerdo con lo definido en la Resolución 004 de 2003.
PrecBolsNaciTX1,Precio Bolsa Promedio Aritmético TX1 por Sistema,Sistema,31,HourlyEntities,https://servapibi.xm.com.co/hourly,No aplica,COP/kWh,Promedio aritmético del precio de bolsa nacional de la versión TX1
CompBolsaTIEEner,Compras Bolsa TIE Energía por Sistema,Sistema,31,HourlyEntities,https://servapibi.xm.com.co/hourly,No aplica,kWh,Energía comprada en la Bolsa de Energía para atender la demanda TIE
CompBolsaIntEner,Compras Bolsa Internacional Energía por Sistema,Sistema,31,HourlyEntities,https://servapibi.xm.com.co/hourly,No aplica,kWh,"Energía comprada en la Bolsa para atender la demanda internacional, es decir, las exportaciones a Venezuela. La interconexión con Venezuela se hace a través de las líneas Cuestecitas- Cuatricentenario"
VentBolsaTIEEner,Ventas Bolsa TIE Energía por Sistema,Sistema,31,HourlyEntities,https://servapibi.xm.com.co/hourly,No aplica,kWh,Energía comprada en la Bolsa de Energía para atender la demanda TIE
VentBolsaIntEner,Ventas Bolsa Internacional Energía por Sistema,Sistema,31,HourlyEntities,https://servapibi.xm.com.co/hourly,No aplica,kWh,Energía vendida en la Bolsa de Energía para atender la demanda internacional.
CompBolsaTIEEner,Compras Bolsa TIE Energía por Agente,Agente,31,HourlyEntities,https://servapibi.xm.com.co/hourly,Codigo Agente,kWh,Energía comprada en la Bolsa de Energía para atender la demanda TIE
CompBolsaIntEner,Compras Bolsa Internacional Energía por Agente,Agente,31,HourlyEntities,https://servapibi.xm.com.co/hourly,Codigo Agente,kWh,"Energía comprada en la Bolsa para atender la demanda internacional, es decir, las exportaciones a Venezuela. La interconexión con Venezuela se hace a través de las líneas Cuestecitas- Cuatricentenario"
VentBolsaTIEEner,Ventas Bolsa TIE Energía por Agente,Agente,31,HourlyEntities,https://servapibi.xm.com.co/hourly,Codigo Agente,kWh,Energía comprada en la Bolsa de Energía para atender la demanda TIE
VentBolsaIntEner,Ventas Bolsa Internacional Energía por Agente,Agente,31,HourlyEntities,https://servapibi.xm.com.co/hourly,Codigo Agente,kWh,Energía vendida en la Bolsa de Energía para atender la demanda internacional.
CompBolsaTIEMoneda,Compras Bolsa TIE Moneda por Agente,Agente,31,HourlyEntities,https://servapibi.xm.com.co/hourly,Codigo Agente,COP,Energía comprada en la Bolsa de Energía para atender la demanda TIE
CompBolsaIntMoneda,Compras Bolsa Internacional Moneda por Agente,Agente,31,HourlyEntities,https://servapibi.xm.com.co/hourly,Codigo Agente,COP,"Energía comprada en la Bolsa para atender la demanda internacional, es decir, las exportaciones a Venezuela. La interconexión con Venezuela se hace a través de las líneas Cuestecitas- Cuatricentenario"
VentBolsaTIEMoneda,Ventas Bolsa TIE Moneda por Agente,Agente,31,HourlyEntities,https://servapibi.xm.com.co/hourly,Codigo Agente,COP,Energía comprada en la Bolsa de Energía para atender la demanda TIE
VentBolsaIntMoneda,Ventas Bolsa Internacional Moneda por Agente,Agente,31,HourlyEntities,https://servapibi.xm.com.co/hourly,Codigo Agente,COP,Energía vendida en la Bolsa de Energía para atender la demanda internacional.
CompBolsaTIEMoneda,Compras Bolsa TIE Moneda por Sistema,Sistema,31,HourlyEntities,https://servapibi.xm.com.co/hourly,No aplica,COP,Energía comprada en la Bolsa de Energía para atender la demanda TIE
CompBolsaIntMoneda,Compras Bolsa Internacional Moneda por Sistema,Sistema,31,HourlyEntities,https://servapibi.xm.com.co/hourly,No aplica,COP,"Energía comprada en la Bolsa para atender la demanda internacional, es decir, las exportaciones a Venezuela. La interconexión con Venezuela se hace a través de las líneas Cuestecitas- Cuatricentenario"
VentBolsaTIEMoneda,Ventas Bolsa TIE Moneda por Sistema,Sistema,31,HourlyEntities,https://servapibi.xm.com.co/hourly,No aplica,COP,Energía comprada en la Bolsa de Energía para atender la demanda TIE
VentBolsaIntMoneda,Ventas Bolsa Internacional Moneda por Sistema,Sistema,31,HourlyEntities,https://servapibi.xm.com.co/hourly,No aplica,COP,Energía vendida en la Bolsa de Energía para atender la demanda internacional.
DemaCome,Demanda Comercial por MercadoComercializacion,MercadoComercializacion,31,HourlyEntities,https://servapibi.xm.com.co/hourly,No aplica,kWh,Considera la demanda propia de cada comercializador mas la paticipacion en la perdidas del STN y los consumos propios de los generadores.
ImportMonedaCOP,Importaciones Moneda COP por Sistema,Sistema,31,HourlyEntities,https://servapibi.xm.com.co/hourly,No aplica,COP,Transferencias de Energia desde otros paises para abastecer la demanda nacional
ExportMonedaUSD,Exportaciones Moneda USD por Sistema,Sistema,31,HourlyEntities,https://servapibi.xm.com.co/hourly,No aplica,COP,Transferencias de Energia desde Colombia hacia otros paises
ImportMonedaUSD,Importaciones Moneda USD por Sistema,Sistema,31,HourlyEntities,https://servapibi.xm.com.co/hourly,No aplica,COP,Transferencias de Energia desde otros paises para abastecer la demanda nacional
CompBolsaNacMoneda,Compras Bolsa Nacional Moneda por Sistema,Sistema,31,HourlyEntities,https://servapibi.xm.com.co/hourly,No aplica,COP,Energía comprada en la Bolsa de Energía para atender la demanda nacional
CompContMoneda,Compras en Contrato Moneda por Sistema,Sistema,31,HourlyEntities,https://servapibi.xm.com.co/hourly,No aplica,COP,Energía comprada mediante Contratos de largo plazo
VentaBolsNaciMoneda,Ventas Bolsa Nacional Moneda por Sistema,Sistema,31,HourlyEntities,https://servapibi.xm.com.co/hourly,No aplica,COP,Energia comprada en la Bolsa de Energia para atender la demanda nacional
VentBolsNaciEner,Ventas Bolsa Nacional Energía por Sistema,Sistema,31,HourlyEntities,https://servapibi.xm.com.co/hourly,No aplica,kWh,Energia comprada en la Bolsa de Energia para atender la demanda nacional
VentBolsNaciEner,Ventas Bolsa Nacional Energía por Agente,Agente,31,HourlyEntities,https://servapibi.xm.com.co/hourly,Codigo Agente,kWh,Energia comprada en la Bolsa de Energia para atender la demanda nacional
CostMargDesp,Costo Marginal Despacho Programado por Sistema,Sistema,31,HourlyEntities,https://servapibi.xm.com.co/hourly,No aplica,COP/kWh,Es el aumento en el costo total operativo del Sistema debido al incremento de la demanda del mismo en una unidad. El costo adicional es imputable únicamente a unidades de generación flexbiles y con el
DesvMoneda,Desviaciones Moneda por Sistema,Sistema,31,HourlyEntities,https://servapibi.xm.com.co/hourly,No aplica,COP,Es la cantidad de energía que se desvía una Central cuando incumple el programa de generación
CostRecPos,Costo Unitario Reconciliacion Positiva por Area,Area,31,HourlyEntities,https://servapibi.xm.com.co/hourly,No Aplica,COP/kWh,Reconcilación Positiva sin AGC ($) / Reconcilación Positiva sin AGC (kWh)
CostRecPos,Costo Unitario Reconciliacion Positiva por SubArea,SubArea,31,HourlyEntities,https://servapibi.xm.com.co/hourly,No Aplica,COP/kWh,Reconcilación Positiva sin AGC ($) / Reconcilación Positiva sin AGC (kWh)
CostRecNeg,Costo Unitario Reconciliacion Negativa por Area,Area,31,HourlyEntities,https://servapibi.xm.com.co/hourly,No Aplica,COP/kWh,Reconcilación Negativa sin AGC ($) / Reconcilación Negativa sin AGC (kWh)
CostRecNeg,Costo Unitario Reconciliacion Negativa por SubArea,SubArea,31,HourlyEntities,https://servapibi.xm.com.co/hourly,No Aplica,COP/kWh,Reconcilación Negativa sin AGC ($) / Reconcilación Negativa sin AGC (kWh)
CompContEnerSICEP,Compras en Contrato Energía en SICEP por Agente,Agente,31,HourlyEntities,https://servapibi.xm.com.co/hourly,Codigo Agente,kWh,Energía comprada mediante Contratos de largo plazo
CompContEnerSICEP,Compras en Contrato Energía en SICEP por Sistema,Sistema,31,HourlyEntities,https://servapibi.xm.com.co/hourly,No aplica,kWh,Energía comprada mediante Contratos de largo plazo
VentContEnerSICEP,Ventas en Contrato Energía del SICEP por Agente,Agente,31,HourlyEntities,https://servapibi.xm.com.co/hourly,Codigo Agente,kWh,Energia vendida mediante Contratos de largo plazo
VentContEnerSICEP,Ventas en Contrato Energía del SICEP por Sistema,Sistema,31,HourlyEntities,https://servapibi.xm.com.co/hourly,No aplica,kWh,Energia vendida mediante Contratos de largo plazo
DemaRealReg,Demanda Real Regulada Agente,Agente,31,HourlyEntities,https://servapibi.xm.com.co/hourly,Codigo Comercializador,kWh,Demanda de usuarios regulados y no regulados que hacen parte del Sistema Interconectado Nacional (no incluye Alumbrado Público)
DemaRealReg,Demanda Real Regulada Sistema,Sistema,31,HourlyEntities,https://servapibi.xm.com.co/hourly,No aplica,kWh,Demanda de usuarios regulados y no regulados que hacen parte del Sistema Interconectado Nacional (no incluye Alumbrado Público)
DemaRealNoReg,Demanda Real No Regulada Agente,Agente,31,HourlyEntities,https://servapibi.xm.com.co/hourly,Codigo Comercializador,kWh,Demanda de usuarios regulados y no regulados que hacen parte del Sistema Interconectado Nacional (no incluye Alumbrado Público)
DemaRealNoReg,Demanda Real No Regulada Sistema,Sistema,31,HourlyEntities,https://servapibi.xm.com.co/hourly,No aplica,kWh,Demanda de usuarios regulados y no regulados que hacen parte del Sistema Interconectado Nacional (no incluye Alumbrado Público)
PerdidasEnerReg,Perdidas de Energía Regulada Agente,Agente,31,HourlyEntities,https://servapibi.xm.com.co/hourly,Codigo Comercializador,kWh,"Cantidad de las inyecciones de energia al Sistema de Transmision Nacional (Generación), menos la cantidad de los flujos que salieron del Sistema (Demanda de energia reportada a traves de lectura de co"
PerdidasEnerReg,Perdidas de Energía Regulada Sistema,Sistema,31,HourlyEntities,https://servapibi.xm.com.co/hourly,No aplica,kWh,"Cantidad de las inyecciones de energia al Sistema de Transmision Nacional (Generación), menos la cantidad de los flujos que salieron del Sistema (Demanda de energia reportada a traves de lectura de co"
PerdidasEnerNoReg,Perdidas de Energía No Regulada Agente,Agente,31,HourlyEntities,https://servapibi.xm.com.co/hourly,Codigo Comercializador,kWh,"Cantidad de las inyecciones de energia al Sistema de Transmision Nacional (Generación), menos la cantidad de los flujos que salieron del Sistema (Demanda de energia reportada a traves de lectura de co"
PerdidasEnerNoReg,Perdidas de Energía No Regulada Sistema,Sistema,31,HourlyEntities,https://servapibi.xm.com.co/hourly,No aplica,kWh,"Cantidad de las inyecciones de energia al Sistema de Transmision Nacional (Generación), menos la cantidad de los flujos que salieron del Sistema (Demanda de energia reportada a traves de lectura de co"
PerdidasEner,Perdidas de Energía Agente,Agente,31,HourlyEntities,https://servapibi.xm.com.co/hourly,Codigo Comercializador,kWh,"Cantidad de las inyecciones de energia al Sistema de Transmision Nacional (Generación), menos la cantidad de los flujos que salieron del Sistema (Demanda de energia reportada a traves de lectura de co"
DesvGenVariableDesp,Desviación generación variable despacho,Recurso,31,HourlyEntities,https://servapibi.xm.com.co/hourly,Codigo Submercado Generación,kWh,"Desviación de los recursos de generación variable de acuerdo con lo establecido en la Resolución CREG 060 de 2019, el valor es obtenido como la diferencia entre la generación real con respecto a la ge"
PrecTransBolsa,Precio Transaccion Bolsa,Sistema,31,HourlyEntities,https://servapibi.xm.com.co/hourly,No aplica,COP/kWh,Precio de las Transacciones en Bolsa $/kWh
DesvGenVariableRedesp,Desviación generación variable redespacho,Recurso,31,HourlyEntities,https://servapibi.xm.com.co/hourly,Codigo Submercado Generación,kWh,"Desviación de los recursos de generación variable de acuerdo con lo establecido en la Resolución CREG 060 de 2019, el valor es obtenido como la diferencia entre la generación real con respecto a la ge"
DeltaInt,Delta Incremento Internacional por Sistema,Sistema,31,DailyEntities,https://servapibi.xm.com.co/daily,No Aplica,COP/kWh,Incremento sobre el MPO (Máximo Precio Ofertado) Internacional horario para calcular el Precio de Bolsa Internacional (Venezuela). Resolución 051/2009
DeltaNal,Delta Incremento Nacional por Sistema,Sistema,31,DailyEntities,https://servapibi.xm.com.co/daily,No Aplica,COP/kWh,Incremento sobre el MPO (Máximo Precio Ofertado) Nacional horario para calcular el Precio de Bolsa Nacional. Resolución 51/2009
ENFICC,Energía en Firme Cargo por Confiabilidad - ENFICC por Recurso,Recurso,31,DailyEntities,https://servapibi.xm.com.co/daily,Codigo Submercado Generación,kWh,"Energía Firme para el Cargo por Confiabilidad : Es la máxima energía eléctrica que es capaz de entregar una planta de generación continuamente, en condiciones de baja hidrología, en un período de un a"
ENFICC,Energía en Firme Cargo por Confiabilidad - ENFICC por Sistema,Sistema,31,DailyEntities,https://servapibi.xm.com.co/daily,No Aplica,kWh,"Energía Firme para el Cargo por Confiabilidad : Es la máxima energía eléctrica que es capaz de entregar una planta de generación continuamente, en condiciones de baja hidrología, en un período de un a"
CompNetArranPara,Compras Netas Arranque y Parada por Sistema,Sistema,31,DailyEntities,https://servapibi.xm.com.co/daily,No aplica,COP,Compras netas del Recurso de Generación por concepto de Arranque y Parada con base en el Valor a Distribuir y el Valor a Recaudar por el mismo concepto. Resolución 051/2009
AporEner,Aportes  Energía por Sistema,Sistema,31,DailyEntities,https://servapibi.xm.com.co/daily,No aplica,kWh,Caudales en energia de los rios que aportan agua a algun embalse del SIN
PrecPromCont,Precio Promedio Contrato por Sistema,Sistema,31,DailyEntities,https://servapibi.xm.com.co/daily,No aplica,COP/kWh,"Precio Promedio Ponderado de contratos largo plazo, de acuerdo a la cantidad de energía de cada contrato"
RemuRealIndiv,Remuneración Real Individual Diaria - RRID por Sistema,Sistema,31,DailyEntities,https://servapibi.xm.com.co/daily,No aplica,COP,Remuneración Real Individual Diaria de la Obligación de Energía Firme de acuerdo con lo establecido en la Resolución CREG 071 de 2006.
VoluUtilDiarEner,Volumen Útil diario Energía por Sistema,Sistema,31,DailyEntities,https://servapibi.xm.com.co/daily,No aplica,kWh,"Volumen almacenado por encima del Nivel Minimo Tecnico, reportado diariamente por los agentes. En % corresponde a la relacion entre el Volumen Util Diario y la Capacidad Util del Embalse"
PrecEscaAct,Precio Escasez Activación por Sistema,Sistema,31,DailyEntities,https://servapibi.xm.com.co/daily,No aplica,COP/kWh,Precio de Escasez de Activación calculado de acuerdo con la Resolución CREG 140 del 2017
PrecEsca,Precio Escasez por Sistema,Sistema,31,DailyEntities,https://servapibi.xm.com.co/daily,No aplica,COP/kWh,"Establecido por la CREG- y actualizado mensualmente con base en la variación de un índice de precios de combustibles, tiene una doble función. Por una parte indica a partir de qué momento las Obligaci"
PrecEscaMarg,Precio Marginal Escasez por Sistema,Sistema,31,DailyEntities,https://servapibi.xm.com.co/daily,No aplica,COP/kWh,Precio Marginal de Escasez calculado de acuerdo con la Resolución CREG 140 del 2017
PrecEscaSup,Precio Escasez Superior,Sistema,31,DailyEntities,https://servapibi.xm.com.co/daily,No aplica,COP/kWh,Precio de Escasez Superior
PrecEscaInf,Precio Escasez Inferior,Sistema,31,DailyEntities,https://servapibi.xm.com.co/daily,No aplica,COP/kWh,Precio de Escasez Inferior
CapEfecNeta,Capacidad Efectiva Neta por Recurso,Recurso,31,DailyEntities,https://servapibi.xm.com.co/daily,Codigo Submercado Generación,kW,Máxima cantidad de potencia neta que puede suministrar una unidad de generación en condiciones normales de operación. Incluye las menores y cogeneradores
DemaSIN,Demanda Energia SIN por Sistema,Sistema,31,DailyEntities,https://servapibi.xm.com.co/daily,No aplica,kWh,"Demanda del SIN, la cual se calcula con base en la generacion neta de las plantas e incluye: hidraulicas, termicas, plantas menores, cogeneradores , solares, eolicas, demanda no atendida, limitacion d"
AporEnerMediHist,Aportes Media Histórica Energía por Sistema,Sistema,31,DailyEntities,https://servapibi.xm.com.co/daily,No aplica,kWh,"Caudal medio mensual histórico en energia para los rios del SIN, obtenido como el promedio de los valores de cada mes para todos años con información disponibles "
CapaUtilDiarEner,Capacidad Útil Energía por Sistema,Sistema,31,DailyEntities,https://servapibi.xm.com.co/daily,No aplica,kWh,"Corresponde al Volumen Útil del Embalse, que se define como el volumen almacenado entre el nivel Mínimo Técnico y el Nivel Máximo Físico"
FAZNI,FAZNI Moneda por Sistema,Sistema,31,DailyEntities,https://servapibi.xm.com.co/daily,No aplica,COP,"Valor recaudado por concepto del Fondo de apoyo a zonas no interconectadas. Hace parte de los fondos para atender zonas especiales deprimidas y zonas no interconectadas, con recursos del mismo sector"
ObligEnerFirme,Obligación de Energía en Firme - OEF por Recurso,Recurso,31,DailyEntities,https://servapibi.xm.com.co/daily,Codigo Submercado Generación,kWh,La OEF es un producto diseñado para garantizar la confiabilidad en el suministro de energía en el largo plazo a precios eficientes. Prorrata de la Energía Firme declarada para cada una de las Plantas 
DemaNoAtenProg,Demanda No Atendida Programada por Area,Area,31,DailyEntities,https://servapibi.xm.com.co/daily,No aplica,kWh,Es la demanda no atendida de energía del SIN por desconexiones forzadas o programadas
DemaNoAtenNoProg,Demanda No Atendida No Programada por Area,Area,31,DailyEntities,https://servapibi.xm.com.co/daily,No aplica,kWh,Es la demanda no atendida de energía del SIN por desconexiones forzadas o programadas
DemaNoAtenProg,Demanda No Atendida Programada por Subarea,Subarea,31,DailyEntities,https://servapibi.xm.com.co/daily,No aplica,kWh,Es la demanda no atendida de energía del SIN por desconexiones forzadas o programadas
DemaNoAtenNoProg,Demanda No Atendida No Programada por Subarea,Subarea,31,DailyEntities,https://servapibi.xm.com.co/daily,No aplica,kWh,Es la demanda no atendida de energía del SIN por desconexiones forzadas o programadas
VoluUtilDiarEner,Volumen Útil diario Energía por Embalse,Embalse,31,DailyEntities,https://servapibi.xm.com.co/daily,Nombre Embalse,kWh,"Volumen almacenado por encima del Nivel Minimo Tecnico, reportado diariamente por los agentes. En % corresponde a la relacion entre el Volumen Util Diario y la Capacidad Util del Embalse"
CapaUtilDiarEner,Capacidad Útil Energía por Embalse,Embalse,31,DailyEntities,https://servapibi.xm.com.co/daily,Nombre Embalse,kWh,"Corresponde al Volumen Útil del Embalse, que se define como el volumen almacenado entre el nivel Mínimo Técnico y el Nivel Máximo Físico"
AporEner,Aportes  Energía por Rio,Rio,31,DailyEntities,https://servapibi.xm.com.co/daily,Nombre Río,kWh,Caudales en energia de los rios que aportan agua a algun embalse del SIN
AporEnerMediHist,Aportes Media Histórica Energía por Rio,Rio,31,DailyEntities,https://servapibi.xm.com.co/daily,Nombre Río,kWh,"Caudal medio mensual histórico en energia para los rios del SIN, obtenido como el promedio de los valores de cada mes para todos años con información disponibles "
DDVContratada,DDV Contratada por Recurso,Recurso,31,DailyEntities,https://servapibi.xm.com.co/daily,Codigo Submercado Generación,kWh,Valor total diario contratado por cada recurso de generación bajo el esquema de Demanda Desconectable Voluntaria.
DemaMaxPot,Demanda Máxima de Potencia por Sistema,Sistema,31,DailyEntities,https://servapibi.xm.com.co/daily,No aplica,kW,"Es la máxima demanda de potencia, expresada en MW, requerida por el SIN en un instante de tiempo. Conocida también como demanda pico."
ComContRespEner,Compras Contrato Respaldo por Recurso,Recurso,31,DailyEntities,https://servapibi.xm.com.co/daily,Codigo Submercado Generación,COP,Energia comprada en la Bolsa de Energia a aquellos generadores que brindan estabilidad al Sistema
PrecCargConf,Precio Cargo por Confiabilidad por Recurso,Recurso,31,DailyEntities,https://servapibi.xm.com.co/daily,Codigo Submercado Generación,USD/kWh, Precio del Cargo por confiabilidad al que se remunera la Obligación de Energía Firme
VentContRespEner,Ventas Contrato Respaldo por Recurso,Recurso,31,DailyEntities,https://servapibi.xm.com.co/daily,Codigo Submercado Generación,COP,Ventas de contratos Respaldo
ComContRespEner,Compras Contrato Respaldo por Sistema,Sistema,31,DailyEntities,https://servapibi.xm.com.co/daily,No aplica,COP,Energia comprada en la Bolsa de Energia a aquellos generadores que brindan estabilidad al Sistema
VentContRespEner,Ventas Contrato Respaldo por Sistema,Sistema,31,DailyEntities,https://servapibi.xm.com.co/daily,No aplica,COP,Ventas de contratos Respaldo
VoluUtilDiarMasa,Volumen Útil diario por Embalse,Embalse,31,DailyEntities,https://servapibi.xm.com.co/daily,Nombre Embalse,m3,"Definida como el volumen almacenado en el embalse por encima del Nivel Mínimo Técnico, inició su declaración diaria por parte de los agentes hidráulicos del mercado desde julio 11 de 2004 (Acuerdo 294"
VertMasa,Vertimientos Volumen por Embalse,Embalse,31,DailyEntities,https://servapibi.xm.com.co/daily,Nombre Embalse,m3,Los vertimientos estan relacionados con la cantidad de agua que debe ser evacuada en los embalses cuando la reserva sobrepasa la capacidad maxima de almacenamiento.
AporCaudal,Aportes Caudal por Rio,Rio,31,DailyEntities,https://servapibi.xm.com.co/daily,Nombre Río,m3/s,"Valores de la hidrologia de los caudales de los rios del SIN, en metros cubicos por segundo"
AporCaudalMediHist,Aportes Media Histórica Caudal por Rio,Rio,31,DailyEntities,https://servapibi.xm.com.co/daily,Nombre Río,m3/s,"Caudal medio mensual histórico para los rios del SIN, obtenido como el promedio de los valores de cada mes para todos años con información disponibles"
DescMasa,Descargas por Embalse,Embalse,31,DailyEntities,https://servapibi.xm.com.co/daily,Nombre Embalse,m3,"Agua descargada del embalse por compuertas de fondo o cualquier otro sistema, expresado en m3."
VertEner,Vertimientos Energía por Embalse,Embalse,31,DailyEntities,https://servapibi.xm.com.co/daily,Nombre Embalse,kWh,Los vertimientos estan relacionados con la cantidad de agua que debe ser evacuada en los embalses cuando la reserva sobrepasa la capacidad maxima de almacenamiento.
VertEner,Vertimientos Energía por Sistema,Sistema,31,DailyEntities,https://servapibi.xm.com.co/daily,No aplica,kWh,Los vertimientos estan relacionados con la cantidad de agua que debe ser evacuada en los embalses cuando la reserva sobrepasa la capacidad maxima de almacenamiento.
CapaUtilDiarMasa,Capacidad Útil Volumen por Embalse,Embalse,31,DailyEntities,https://servapibi.xm.com.co/daily,Nombre Embalse,m3,"Corresponde al Volumen Útil del Embalse, que se define como el volumen almacenado entre el nivel Mínimo Técnico y el Nivel Máximo Físico"
CapaUtilDiarMasa,Capacidad Útil Volumen por Sistema,Sistema,31,DailyEntities,https://servapibi.xm.com.co/daily,No aplica,m3,"Corresponde al Volumen Útil del Embalse, que se define como el volumen almacenado entre el nivel Mínimo Técnico y el Nivel Máximo Físico"
VolTurbMasa,Volumen Turbinado por Embalse,Embalse,31,DailyEntities,https://servapibi.xm.com.co/daily,Nombre Embalse,m3,"Agua turbinada por la planta expresada en m3, incluye caudal ambiental y caudal de acueducto"
VolTurbMasa,Volumen Turbinado por Sistema,Sistema,31,DailyEntities,https://servapibi.xm.com.co/daily,No aplica,m3,"Agua turbinada por la planta expresada en m3, incluye caudal ambiental y caudal de acueducto"
PrecOferIdeal,Precio de Oferta Ideal por Recurso,Recurso,31,DailyEntities,https://servapibi.xm.com.co/daily,Codigo Submercado Generación,COP/kWh,Es el precio de la energia de una recurso de generación para cada una de las 24 horas de un dia. Difiere del precio de oferta de despacho en que incluye el CERE en lugar del CEE
PorcVoluUtilDiar,Volumen Útil  diario % por Sistema,Sistema,31,DailyEntities,https://servapibi.xm.com.co/daily,No aplica,%,Porcentaje de volumen almacenado en el embalse por encima del Nivel Mínimo Técnico
PorcVoluUtilDiar,Volumen Útil  diario % por Embalse,Embalse,31,DailyEntities,https://servapibi.xm.com.co/daily,Nombre Embalse,%,Porcentaje de volumen almacenado en el embalse por encima del Nivel Mínimo Técnico
PorcApor,Aportes % por Sistema,Sistema,31,DailyEntities,https://servapibi.xm.com.co/daily,No aplica,%,[Aportes Caudal / Media Histórica]*100
PorcApor,Aportes % por Rio,Rio,31,DailyEntities,https://servapibi.xm.com.co/daily,Nombre Río,%,[Aportes Caudal / Media Histórica]*100
PPPrecBolsNaci,Precio Bolsa Nacional Ponderado por Sistema,Sistema,31,DailyEntities,https://servapibi.xm.com.co/daily,No aplica,COP/kWh,El Precio de Bolsa ponderado se calcula como un ponderado con la generación.
PrecEscaPon,Precio Escasez Ponderado por Sistema,Sistema,31,DailyEntities,https://servapibi.xm.com.co/daily,No aplica,COP/kWh,Precio Escasez Ponderado del Sistema calculado de acuerdo a la Resolución CREG 140 de 2017
IrrPanel,Irradiación Panel por Recurso,Recurso,31,DailyEntities,https://servapibi.xm.com.co/daily,Codigo Submercado Generación,W/m2,Irradiación solar en la superficie de los paneles representativa de  la planta solar fotovoltaica.
IrrGlobal,Irradiación Global por Recurso,Recurso,31,DailyEntities,https://servapibi.xm.com.co/daily,Codigo Submercado Generación,W/m2,Irradiación solar en superficie horizontal representativa de la planta solar fotovoltaica.
TempPanel,Temperatura Panel por Recurso,Recurso,31,DailyEntities,https://servapibi.xm.com.co/daily,Codigo Submercado Generación,,
TempAmbSolar,Temperatura Ambiente Solar por Recurso,Recurso,31,DailyEntities,https://servapibi.xm.com.co/daily,Codigo Submercado Generación,°C,Temperatura del aire representativa de la planta solar fotovoltaica.
FAER,FAER Moneda por Sistema,Sistema,731,MonthlyEntities,https://servapibi.xm.com.co/monthly,No aplica,COP,Fondo de Apoyo Financiero para la Energización de las Zonas Rurales Interconectadas -FAER-
PRONE,PRONE por Sistema,Sistema,731,MonthlyEntities,https://servapibi.xm.com.co/monthly,No aplica,COP,"Hace parte de los fondos especiales para atender zonas especiales deprimidas y zonas no interconectadas, con recursos del mismo sector eléctrico (FAZNI, FAER, FOES, PRONE)."
MC,MC por Sistema,Sistema,731,MonthlyEntities,https://servapibi.xm.com.co/monthly,No aplica,COP/kWh,"Costo Promedio ponderado por energía, expresado en COP/kWh, de todos los contratos bilaterales liquidados en el Mercado de Energía Mayorista con destino al mercado regulado. Mediante la Resolución CRE"
CERE,CERE por Sistema,Sistema,731,MonthlyEntities,https://servapibi.xm.com.co/monthly,No aplica,COP/kWh,"Costo Equivalente Real de Energia del Cargo por Capacidad se usa para efectos de cotización en la Bolsa de Energía, es una señal de referencia para los agentes generadores del mercado. El propósito de"
CEE,CEE por Sistema,Sistema,731,MonthlyEntities,https://servapibi.xm.com.co/monthly,No aplica,COP/kWh,"Costo Equivalente de Energia del Cargo por Capacidad se usa para efectos de cotización en la Bolsa de Energía, es una señal de referencia para los agentes generadores del mercado. El propósito de la s"
CargoUsoSTN,Cargos por Uso STN por Sistema,Sistema,731,MonthlyEntities,https://servapibi.xm.com.co/monthly,No aplica,COP,Valor que recibe el agente transmisor por uso del sistema de transmisión nacional.
CargoUsoSTR,Cargos por Uso STR por Sistema,Sistema,731,MonthlyEntities,https://servapibi.xm.com.co/monthly,No aplica,COP,Distribución de los cargos por uso del sistema de transmisión regional de los operadores de red
CargMaxTPrima,Cargo Máximo T Prima por Sistema,Sistema,731,MonthlyEntities,https://servapibi.xm.com.co/monthly,No aplica,COP/kWh,Termino usado enla metodología para el cálculo y aplicación de los Cargos por Uso del Sistema de Transmisión Nacional (STN)
CargMinTPrima,Cargo Mínimo T Prima por Sistema,Sistema,731,MonthlyEntities,https://servapibi.xm.com.co/monthly,No aplica,COP/kWh,Termino usado enla metodología para el cálculo y aplicación de los Cargos por Uso del Sistema de Transmisión Nacional (STN)
CargMedTPrima,Cargo Media T Prima por Sistema,Sistema,731,MonthlyEntities,https://servapibi.xm.com.co/monthly,No aplica,COP/kWh,Termino usado enla metodología para el cálculo y aplicación de los Cargos por Uso del Sistema de Transmisión Nacional (STN)
EscDemUPMEAlto,Demanda de Energia Proyectada UPME Escenario Alto por Sistema,Sistema,731,MonthlyEntities,https://servapibi.xm.com.co/monthly,No aplica,kWh,proyecciones de demanda de energía realizada por la UPME 
EscDemUPMEMedio,Demanda de Energia Proyectada UPME Escenario Medio por Sistema,Sistema,731,MonthlyEntities,https://servapibi.xm.com.co/monthly,No aplica,kWh,proyecciones de demanda de energía realizada por la UPME
EscDemUPMEBajo,Demanda de Energia Proyectada UPME Escenario Bajo por Sistema,Sistema,731,MonthlyEntities,https://servapibi.xm.com.co/monthly,No aplica,kWh,proyecciones de demanda de energía realizada por la UPME 
PrecFAZNI,FAZNI Precio por Sistema,Sistema,731,MonthlyEntities,https://servapibi.xm.com.co/monthly,No aplica,COP/kWh,FAZNI - Fondo de apoyo a zonas no interconectadas
ListadoRecursos,plantas y unidades que tiene asociadas un agente por Agente,Agente,731,ListsEntities,https://servapibi.xm.com.co/list,No aplica,,Listado de recursos y unidades que pertenecen a un agente generador
ListadoRecursos,Listado Recursos con atributos por Sistema,Sistema,731,ListsEntities,https://servapibi.xm.com.co/list,No aplica,,Listado de recursos con sus atributos y que se encuentran en operación comercial  y pruebas conectados al Sistema Interconectado Nacional SIN
ListadoAgentes,Listado de agentes con atributos por Sistema,Sistema,731,ListsEntities,https://servapibi.xm.com.co/list,No aplica,,Listado de Agentes registrados ante el ASIC con la actividad que desarrollan en el mercado
ListadoRios,Listado de rios por Sistema,Sistema,731,ListsEntities,https://servapibi.xm.com.co/list,No aplica,,Listado de ríos que se encuentran registrados ante el CND y que cuentan con punto de medida
ListadoEmbalses,Listado de embalses por Sistema,Sistema,731,ListsEntities,https://servapibi.xm.com.co/list,No aplica,,Listado de embalses que se encuentran registrados ante el CND y que son reportados por algún recurso del SIN
ListadoMetricas,Listado de Métricas por Sistema,Sistema,731,ListsEntities,https://servapibi.xm.com.co/list,No aplica,,Listado de métricas disponibles en la API XM con los respectivos atributos de consulta
ListadoAGPE,Listado Autogeneradores a Pequeña Escala por Agente,Agente,731,ListsEntities,https://servapibi.xm.com.co/list,No aplica,kW,Listado de Autogeneradores a Pequeña Escala AGPE con reporte y sin reporte al ASIC.
